week-year	53-2020	01-2021	02-2021	03-2021	04-2021	05-2021	06-2021	07-2021	08-2021	09-2021	10-2021	11-2021	12-2021	13-2021	14-2021	15-2021	16-2021	17-2021	18-2021	19-2021	20-2021	21-2021	22-2021	NA
#genomes	10	287	36	60	70	308	363	254	280	226	292	271	141	190	324	308	349	323	167	119	20	14	3	114
ORF1a:P2110L	0	0	0	0	0	0.029220779	0.002754821	0	0.007142857	0.004424779	0.01369863	0.003690037	0	0	0.00308642	0	0	0.003095975	0	0	0.15	0	0	0
ORF1a:P2260S	0	0	0.111111111	0	0	0	0	0.003937008	0.014285714	0.004424779	0	0	0	0	0	0	0	0	0	0	0	0	0	0
ORF7a:T120I	0	0.006968641	0	0	0	0	0	0	0	0	0	0	0	0	0	0	0.017191977	0.021671827	0.05988024	0.025210084	0	0	0	0
ORF8:Q27*	0	0.397212544	0.472222222	0.666666667	0.442857143	0.847402597	0.867768595	0.673228346	0.757142857	0.743362832	0.801369863	0.833948339	0.907801418	0.963157895	0.962962963	0.766233766	0.868194842	0.92879257	0.832335329	0.941176471	0.9	1	1	0.622807018
ORF1a:F3677-	0	0.362369338	0.416666667	0.65	0.428571429	0.844155844	0.826446281	0.673228346	0.746428571	0.756637168	0.845890411	0.859778598	0.787234043	0.963157895	0.978395062	0.782467532	0.931232092	0.959752322	0.880239521	0.949579832	0.95	1	1	0.666666667
S:N501Y	0	0.3728223	0.472222222	0.666666667	0.428571429	0.844155844	0.867768595	0.688976378	0.75	0.761061947	0.825342466	0.856088561	0.921985816	0.952631579	0.87962963	0.753246753	0.93982808	0.938080495	0.868263473	0.932773109	0.95	1	1	0.307017544
ORF1b:R2613H	0	0	0	0	0	0.003246753	0	0	0	0	0	0.007380074	0	0.005263158	0.00617284	0	0	0.00619195	0	0	0.15	0	0	0
S:D215H	0	0	0	0	0	0	0	0	0.003571429	0	0	0.003690037	0	0.010526316	0.021604938	0.00974026	0	0.003095975	0.02994012	0.016806723	0	0.214285714	0	0
ORF1b:P1000L	0	0	0	0	0	0	0	0	0	0	0	0	0	0	0	0	0.017191977	0.015479876	0.077844311	0.025210084	0.05	0	0	0
ORF1a:I2501T	0.7	0.3728223	0.361111111	0.216666667	0.371428571	0.11038961	0.068870523	0.208661417	0.182142857	0.181415929	0.116438356	0.084870849	0.04964539	0.026315789	0.00308642	0.107142857	0.014326648	0	0.005988024	0	0	0	0	0.114035088
ORF1a:T1542I	0	0	0.111111111	0	0	0	0	0	0.003571429	0	0	0	0	0.005263158	0	0	0	0	0	0	0	0	0	0
S:T19R	0	0	0	0	0	0	0	0	0	0	0	0	0	0	0	0	0.017191977	0.015479876	0.071856287	0.025210084	0	0	0	0
S:T478K	0	0	0	0	0	0	0	0	0	0	0	0	0	0	0	0	0.025787966	0.018575851	0.071856287	0.025210084	0	0	0	0
S:E156-	0	0	0	0	0	0	0	0	0	0	0	0	0	0	0	0	0.017191977	0.015479876	0.071856287	0.025210084	0.05	0	0	0
ORF7a:Y75H	0	0.013937282	0	0.016666667	0	0.006493506	0.027548209	0.003937008	0.032142857	0.004424779	0.01369863	0.014760148	0.035460993	0.021052632	0.018518519	0.016233766	0.034383954	0.012383901	0.02994012	0.033613445	0.15	0	0	0.01754386
S:N439K	0.7	0.369337979	0.361111111	0.216666667	0.371428571	0.11038961	0.068870523	0.204724409	0.185714286	0.181415929	0.116438356	0.081180812	0.04964539	0.031578947	0.00308642	0.107142857	0.014326648	0	0.005988024	0	0	0	0	0.122807018
S:S982A	0	0.3728223	0.444444444	0.666666667	0.428571429	0.847402597	0.870523416	0.665354331	0.746428571	0.738938053	0.770547945	0.822878229	0.907801418	0.947368421	0.962962963	0.762987013	0.873925501	0.941176471	0.844311377	0.957983193	0.85	1	1	0.622807018
ORF1b:P314L	1	0.996515679	1	1	1	1	1	0.992125984	0.989285714	0.982300885	0.996575342	0.988929889	1	0.984210526	0.935185185	0.993506494	0.979942693	0.947368421	0.994011976	0.983193277	0.95	1	1	0.701754386
ORF1b:G662S	0	0	0	0	0	0	0	0	0	0	0	0	0	0	0	0	0.020057307	0.015479876	0.071856287	0.025210084	0	0	0	0
ORF1b:V711I	0.7	0.365853659	0.361111111	0.216666667	0.371428571	0.11038961	0.066115702	0.196850394	0.178571429	0.168141593	0.113013699	0.081180812	0.04964539	0.026315789	0.00308642	0.107142857	0.014326648	0	0.005988024	0	0	0	0	0.105263158
ORF8:Y73C	0	0.379790941	0.472222222	0.666666667	0.442857143	0.844155844	0.865013774	0.669291339	0.753571429	0.734513274	0.801369863	0.833948339	0.907801418	0.957894737	0.962962963	0.762987013	0.865329513	0.931888545	0.832335329	0.941176471	0.9	1	1	0.622807018
S:D950N	0	0	0	0	0	0	0	0	0	0	0	0	0	0	0	0	0.017191977	0.015479876	0.071856287	0.025210084	0	0	0	0
ORF1a:A1708D	0	0.369337979	0.444444444	0.666666667	0.428571429	0.844155844	0.870523416	0.665354331	0.746428571	0.734513274	0.794520548	0.841328413	0.893617021	0.957894737	0.962962963	0.762987013	0.873925501	0.944272446	0.850299401	0.949579832	0.9	1	1	0.666666667
ORF7a:V82A	0	0	0	0	0	0	0	0	0	0	0	0	0	0	0.00308642	0.003246753	0.020057307	0.003095975	0.053892216	0.025210084	0	0	0	0
ORF1a:M4241I	0.7	0.369337979	0.361111111	0.216666667	0.371428571	0.107142857	0.066115702	0.196850394	0.178571429	0.172566372	0.113013699	0.081180812	0.04964539	0.026315789	0.00308642	0.107142857	0.014326648	0	0.005988024	0	0	0	0	0.114035088
S:D614G	1	0.996515679	1	1	1	1	0.988980716	0.992125984	1	1	0.969178082	0.977859779	1	0.984210526	0.99691358	0.993506494	0.99713467	0.990712074	0.994011976	1	1	1	1	0.947368421
S:A570D	0	0.369337979	0.444444444	0.666666667	0.428571429	0.847402597	0.870523416	0.665354331	0.75	0.738938053	0.770547945	0.822878229	0.907801418	0.947368421	0.808641975	0.762987013	0.876790831	0.941176471	0.844311377	0.957983193	0.85	1	1	0.49122807
ORF14:G50N	0.1	0.459930314	0.555555556	0.716666667	0.471428571	0.840909091	0.85399449	0.688976378	0.771428571	0.752212389	0.808219178	0.852398524	0.914893617	0.963157895	0.972222222	0.827922078	0.891117479	0.978328173	0.910179641	0.957983193	0.9	1	1	0.736842105
S:L452R	0	0.003484321	0	0	0	0	0	0.003937008	0.003571429	0	0	0	0	0	0.00308642	0.003246753	0.022922636	0.024767802	0.107784431	0.042016807	0	0	0	0
ORF14:E51Q	0	0.369337979	0.472222222	0.65	0.428571429	0.762987013	0.820936639	0.61023622	0.728571429	0.694690265	0.77739726	0.815498155	0.879432624	0.921052632	0.929012346	0.730519481	0.810888252	0.888544892	0.832335329	0.899159664	0.8	1	1	0.631578947
ORF1a:K2085-	0	0	0	0	0	0	0	0	0	0	0	0	0	0	0	0	0	0	0	0	0.15	0	0	0
N:G204R	0.1	0.080139373	0.083333333	0.066666667	0.042857143	0.077922078	0.024793388	0.035433071	0.032142857	0.044247788	0.030821918	0.036900369	0.035460993	0.036842105	0.043209877	0.100649351	0.080229226	0.089783282	0.077844311	0.058823529	0.15	0	0	0.105263158
S:D1118H	0	0.3728223	0.444444444	0.666666667	0.428571429	0.847402597	0.870523416	0.669291339	0.75	0.738938053	0.770547945	0.822878229	0.914893617	0.947368421	0.962962963	0.769480519	0.876790831	0.941176471	0.844311377	0.957983193	0.9	1	1	0.631578947
S:T716I	0	0.369337979	0.444444444	0.666666667	0.428571429	0.847402597	0.867768595	0.665354331	0.746428571	0.738938053	0.770547945	0.822878229	0.907801418	0.947368421	0.962962963	0.762987013	0.873925501	0.941176471	0.844311377	0.957983193	0.9	1	1	0.622807018
S:P681R	0	0	0	0	0	0	0	0	0.003571429	0	0	0	0	0	0.00308642	0.003246753	0.020057307	0.015479876	0.077844311	0.025210084	0	0	0	0
S:V70-	0.7	0.75261324	0.805555556	0.883333333	0.8	0.957792208	0.936639118	0.858267717	0.932142857	0.911504425	0.880136986	0.896678967	0.964539007	0.978947368	0.966049383	0.87987013	0.885386819	0.944272446	0.856287425	0.974789916	0.9	1	1	0.763157895
ORF8:R52I	0	0.393728223	0.444444444	0.666666667	0.428571429	0.837662338	0.862258953	0.665354331	0.739285714	0.734513274	0.794520548	0.833948339	0.907801418	0.963157895	0.950617284	0.766233766	0.868194842	0.829721362	0.814371257	0.941176471	0.9	1	1	0.543859649
ORF1a:I2086-	0	0	0	0	0	0	0	0	0	0	0	0	0	0	0	0	0	0	0	0	0.15	0	0	0
N:D63G	0	0	0	0	0	0	0	0	0	0	0	0	0	0	0	0	0.017191977	0.009287926	0.071856287	0.025210084	0	0	0	0
M:L34F	0	0	0	0	0	0.006493506	0	0	0	0	0	0.007380074	0	0.021052632	0.00308642	0	0	0.012383901	0	0.008403361	0.15	0	0	0.00877193
ORF1a:T1001I	0	0.369337979	0.444444444	0.666666667	0.428571429	0.850649351	0.873278237	0.665354331	0.746428571	0.730088496	0.794520548	0.841328413	0.893617021	0.957894737	0.962962963	0.766233766	0.871060172	0.947368421	0.850299401	0.949579832	0.85	1	1	0.666666667
M:I82T	0	0.003484321	0	0	0	0	0	0	0	0	0	0	0	0	0.00308642	0.012987013	0.017191977	0.027863777	0.095808383	0.042016807	0.05	0	0	0
S:T208M	0	0	0	0	0	0	0	0	0	0	0	0	0	0	0	0	0	0	0	0.008403361	0	0.214285714	0	0
N:S235F	0	0.369337979	0.472222222	0.65	0.414285714	0.746753247	0.652892562	0.55511811	0.735714286	0.725663717	0.797945205	0.833948339	0.893617021	0.921052632	0.959876543	0.75974026	0.865329513	0.947368421	0.844311377	0.957983193	0.9	1	1	0.657894737
ORF1a:E3764D	0.2	0.059233449	0.222222222	0.016666667	0.028571429	0.012987013	0.008264463	0.051181102	0.064285714	0.03539823	0.010273973	0.018450185	0.014184397	0	0	0.012987013	0.00286533	0	0	0	0	0	0	0.043859649
S:F157-	0	0	0	0	0	0	0	0	0	0	0	0	0	0	0	0	0.017191977	0.015479876	0.071856287	0.025210084	0.05	0	0	0
ORF1a:A541V	0	0.006968641	0	0	0	0.016233766	0.002754821	0	0.003571429	0.004424779	0.010273973	0	0	0.005263158	0	0.00974026	0.00286533	0.015479876	0.005988024	0.168067227	0.05	0	0	0
N:D3L	0	0.3728223	0.5	0.65	0.414285714	0.75	0.655647383	0.551181102	0.735714286	0.725663717	0.801369863	0.837638376	0.893617021	0.921052632	0.962962963	0.766233766	0.871060172	0.944272446	0.844311377	0.957983193	0.9	1	1	0.675438596
ORF8:F120-	0	0	0	0	0	0	0	0	0	0	0	0	0	0	0	0	0.017191977	0.015479876	0.071856287	0.025210084	0	0	0	0
ORF1a:T2087-	0	0	0	0	0	0	0	0	0	0	0	0	0	0	0	0	0	0	0	0	0.15	0	0	0
ORF1b:H1213Y	0.7	0.369337979	0.361111111	0.216666667	0.371428571	0.11038961	0.068870523	0.208661417	0.182142857	0.17699115	0.116438356	0.084870849	0.04964539	0.026315789	0.00308642	0.107142857	0.014326648	0	0.005988024	0	0	0	0	0.105263158
ORF1a:I2230T	0	0.3728223	0.444444444	0.666666667	0.428571429	0.847402597	0.870523416	0.669291339	0.746428571	0.738938053	0.79109589	0.841328413	0.893617021	0.952631579	0.962962963	0.75974026	0.868194842	0.944272446	0.844311377	0.941176471	0.85	1	1	0.666666667
S:P681H	0	0.3728223	0.472222222	0.666666667	0.428571429	0.857142857	0.878787879	0.669291339	0.75	0.738938053	0.767123288	0.822878229	0.914893617	0.947368421	0.966049383	0.785714286	0.88252149	0.941176471	0.850299401	0.957983193	0.9	1	1	0.649122807
ORF1a:G3676-	0	0.362369338	0.416666667	0.65	0.428571429	0.844155844	0.826446281	0.673228346	0.746428571	0.756637168	0.845890411	0.859778598	0.787234043	0.963157895	0.978395062	0.782467532	0.934097421	0.959752322	0.880239521	0.949579832	0.95	1	1	0.666666667
S:H69-	0.7	0.75261324	0.805555556	0.883333333	0.8	0.957792208	0.936639118	0.858267717	0.932142857	0.911504425	0.880136986	0.896678967	0.964539007	0.978947368	0.969135802	0.87987013	0.888252149	0.947368421	0.856287425	0.974789916	0.9	1	1	0.771929825
ORF3a:S26L	0	0	0	0	0	0.003246753	0	0.003937008	0	0	0	0	0	0	0.00308642	0.003246753	0.020057307	0.015479876	0.077844311	0.025210084	0	0	0	0
ORF1b:T1064I	0	0.006968641	0.111111111	0	0.028571429	0	0	0.003937008	0.003571429	0	0	0	0	0	0	0	0	0	0.005988024	0	0	0	0	0
ORF1b:A1521S	0.7	0.362369338	0.361111111	0.216666667	0.371428571	0.11038961	0.066115702	0.196850394	0.178571429	0.168141593	0.113013699	0.081180812	0.04964539	0.026315789	0.00308642	0.107142857	0.014326648	0	0.005988024	0	0	0	0	0.105263158
N:R203K	0.1	0.452961672	0.555555556	0.7	0.442857143	0.766233766	0.663911846	0.57480315	0.753571429	0.747787611	0.808219178	0.852398524	0.90070922	0.921052632	0.972222222	0.821428571	0.888252149	0.978328173	0.904191617	0.957983193	0.9	1	1	0.719298246
N:R203M	0	0	0	0	0	0	0	0	0	0	0	0	0	0	0.00308642	0.003246753	0.020057307	0.012383901	0.077844311	0.025210084	0	0	0	0
N:D377Y	0	0	0	0	0	0	0	0	0.003571429	0.004424779	0	0	0	0	0.00308642	0.003246753	0.020057307	0.024767802	0.077844311	0.025210084	0	0	0	0
ORF3a:A143S	0	0	0.111111111	0	0	0	0	0.003937008	0.010714286	0.004424779	0	0	0	0	0	0.003246753	0	0	0	0	0	0	0	0
S:Y144-	0	0.365853659	0.444444444	0.683333333	0.428571429	0.847402597	0.873278237	0.673228346	0.753571429	0.738938053	0.770547945	0.822878229	0.921985816	0.947368421	0.969135802	0.769480519	0.873925501	0.938080495	0.844311377	0.974789916	0.9	1	1	0.640350877
ORF3a:S216P	0.3	0.017421603	0.027777778	0.016666667	0.028571429	0.019480519	0.005509642	0.011811024	0.010714286	0.030973451	0.006849315	0.003690037	0	0	0	0.003246753	0	0	0	0	0	0	0	0.01754386
N:G204P	0	0.365853659	0.472222222	0.633333333	0.4	0.688311688	0.639118457	0.527559055	0.710714286	0.690265487	0.77739726	0.815498155	0.858156028	0.878947368	0.929012346	0.724025974	0.805157593	0.888544892	0.826347305	0.899159664	0.8	1	1	0.614035088
ORF8:D119-	0	0	0	0	0	0	0	0	0	0	0	0	0	0	0	0	0.017191977	0.015479876	0.071856287	0.025210084	0	0	0	0
ORF8:K68*	0	0.383275261	0.472222222	0.633333333	0.442857143	0.782467532	0.829201102	0.622047244	0.703571429	0.668141593	0.73630137	0.822878229	0.865248227	0.936842105	0.932098765	0.720779221	0.819484241	0.86996904	0.814371257	0.907563025	0.8	1	1	0.596491228
ORF1a:S3675-	0	0.362369338	0.416666667	0.65	0.428571429	0.844155844	0.826446281	0.673228346	0.746428571	0.756637168	0.845890411	0.859778598	0.787234043	0.963157895	0.978395062	0.782467532	0.934097421	0.959752322	0.880239521	0.949579832	0.95	1	1	0.666666667
other	5	4.557491289	3.722222222	2.3	4.742857143	2.061688312	2.198347107	3.692913386	3.803571429	4.238938053	4.818493151	3.461254613	3.460992908	4.6	2.725308642	3.652597403	4.977077364	3.780185759	5.149700599	4.12605042	5.2	3.071428571	2	5.035087719