Region	Jihocesky	Jihomoravsky	Karlovarsky	Kralovehradecky	Liberecky	Moravskoslezsky	Olomoucky	Pardubicky	Plzensky	Praha	Stredocesky	Ustecky	Vysocina	Zlinsky	NA
	77	302	102	497	151	272	391	27	389	853	367	129	33	11	932
ORF7a:T120I	0	0	0	0	0	0.033088235	0	0	0.002570694	0.012895662	0	0.007751938	0	0	0.006437768
ORF8:Q27*	0.831168831	0.433774834	0.980392157	0.635814889	0.854304636	0.867647059	0.864450128	0.962962963	0.948586118	0.80890973	0.915531335	0.88372093	0.787878788	0.636363636	0.78111588
ORF1a:F3677-	0.831168831	0.264900662	0.990196078	0.625754527	0.920529801	0.878676471	0.971867008	0.962962963	0.948586118	0.831184056	0.915531335	0.899224806	0.757575758	0.636363636	0.790772532
S:N501Y	0.831168831	0.420529801	0.990196078	0.633802817	0.860927152	0.863970588	0.966751918	0.962962963	0.953727506	0.817116061	0.858310627	0.875968992	0.757575758	0.636363636	0.730686695
ORF1b:P1000L	0	0	0	0	0	0.025735294	0	0	0.002570694	0.011723329	0.002724796	0.023255814	0	0	0.006437768
S:S98F	0	0.112582781	0.009803922	0.036217304	0.039735099	0.007352941	0.00511509	0	0.048843188	0.017584994	0.021798365	0	0.03030303	0	0.033261803
ORF1a:I2501T	0.116883117	0.367549669	0	0.243460765	0.046357616	0.051470588	0.020460358	0	0.033419023	0.097303634	0.051771117	0.023255814	0.151515152	0.181818182	0.106223176
S:T19R	0	0	0	0	0	0.025735294	0	0	0	0.010550996	0.002724796	0.023255814	0	0	0.006437768
ORF3a:V202L	0.012987013	0.105960265	0	0.034205231	0	0.003676471	0.007672634	0	0.005141388	0.014067995	0	0	0	0	0.018240343
S:T478K	0	0	0	0	0	0.029411765	0.007672634	0	0	0.010550996	0.002724796	0.023255814	0	0	0.006437768
S:E156-	0	0	0	0	0	0.025735294	0	0	0	0.011723329	0.002724796	0.023255814	0	0	0.006437768
ORF7a:Y75H	0	0.07615894	0.009803922	0.014084507	0.033112583	0.014705882	0.025575448	0	0.002570694	0.005861665	0.024523161	0.007751938	0.242424242	0.363636364	0.008583691
S:N439K	0.116883117	0.367549669	0	0.241448692	0.039735099	0.055147059	0.020460358	0	0.033419023	0.097303634	0.051771117	0.023255814	0.181818182	0.181818182	0.106223176
ORF1b:T216P	0	0.11589404	0	0	0	0	0	0	0	0	0	0	0	0	0
S:S982A	0.831168831	0.400662252	0.980392157	0.6277666	0.801324503	0.852941176	0.887468031	0.962962963	0.951156812	0.80890973	0.915531335	0.860465116	0.757575758	0.636363636	0.777896996
ORF1b:P314L	1	0.983443709	1	0.997987928	0.993377483	0.992647059	0.982097187	1	0.984575835	0.990621336	0.950953678	0.976744186	1	1	0.94527897
ORF1b:G662S	0	0	0	0	0	0.025735294	0	0	0	0.010550996	0.002724796	0.031007752	0	0	0.006437768
ORF1b:V711I	0.116883117	0.347682119	0	0.235412475	0.046357616	0.051470588	0.020460358	0	0.028277635	0.097303634	0.051771117	0.023255814	0.151515152	0.181818182	0.105150215
ORF8:Y73C	0.831168831	0.42384106	0.980392157	0.625754527	0.854304636	0.856617647	0.864450128	0.962962963	0.948586118	0.807737397	0.915531335	0.88372093	0.787878788	0.636363636	0.780042918
ORF1a:C4056G	0	0.11589404	0	0	0	0	0	0	0	0	0	0	0	0	0
S:D950N	0	0	0	0	0	0.025735294	0	0	0	0.010550996	0.002724796	0.023255814	0	0	0.006437768
ORF1b:D445E	0	0.105960265	0	0.034205231	0	0	0.002557545	0	0.005141388	0.008206331	0	0	0	0	0.013948498
ORF1a:A1708D	0.831168831	0.400662252	0.980392157	0.623742455	0.860927152	0.860294118	0.890025575	0.962962963	0.948586118	0.80890973	0.910081744	0.88372093	0.757575758	0.636363636	0.784334764
ORF7a:V82A	0	0	0	0	0	0.025735294	0	0	0	0.014067995	0.002724796	0.007751938	0	0	0.001072961
ORF1a:M4241I	0.116883117	0.347682119	0	0.237424547	0.046357616	0.051470588	0.020460358	0	0.028277635	0.098475967	0.051771117	0.023255814	0.151515152	0.181818182	0.105150215
S:D614G	1	0.996688742	1	1	0.927152318	0.992647059	0.997442455	1	0.997429306	0.995310668	0.997275204	0.968992248	1	1	0.984978541
S:A570D	0.831168831	0.40397351	0.980392157	0.625754527	0.801324503	0.856617647	0.887468031	0.962962963	0.951156812	0.791324736	0.820163488	0.860465116	0.757575758	0.636363636	0.761802575
ORF14:G50N	0.844155844	0.476821192	0.931372549	0.641851107	0.880794702	0.897058824	0.890025575	0.962962963	0.956298201	0.844079719	0.929155313	0.945736434	0.818181818	0.636363636	0.813304721
ORF1a:F2328C	0	0.119205298	0	0	0	0	0	0	0	0	0	0	0	0	0
ORF1a:E1209D	0	0.105960265	0	0.036217304	0	0	0.002557545	0	0.005141388	0.008206331	0	0	0	0	0.013948498
S:L452R	0.012987013	0.003311258	0	0.002012072	0.006622517	0.044117647	0	0	0.002570694	0.017584994	0.005449591	0.023255814	0.03030303	0	0.006437768
ORF14:E51Q	0.74025974	0.394039735	0.852941176	0.605633803	0.80794702	0.786764706	0.84398977	0.888888889	0.912596401	0.783118406	0.880108992	0.868217054	0.787878788	0.545454545	0.741416309
N:G204R	0.103896104	0.059602649	0.009803922	0.026156942	0.066225166	0.117647059	0.046035806	0.074074074	0.038560411	0.062133646	0.049046322	0.069767442	0.060606061	0.090909091	0.068669528
S:D1118H	0.831168831	0.413907285	0.980392157	0.625754527	0.801324503	0.860294118	0.890025575	0.962962963	0.951156812	0.810082063	0.915531335	0.860465116	0.757575758	0.636363636	0.778969957
S:T716I	0.831168831	0.400662252	0.980392157	0.625754527	0.801324503	0.856617647	0.887468031	0.962962963	0.951156812	0.80890973	0.915531335	0.860465116	0.757575758	0.636363636	0.776824034
S:P681R	0	0	0	0	0	0.025735294	0	0	0	0.015240328	0.005449591	0.023255814	0	0	0.006437768
S:V70-	0.961038961	0.764900662	0.980392157	0.871227364	0.847682119	0.915441176	0.910485934	0.962962963	0.979434447	0.906213365	0.967302452	0.88372093	0.939393939	0.818181818	0.886266094
ORF8:R52I	0.831168831	0.38410596	0.980392157	0.635814889	0.854304636	0.867647059	0.859335038	0.962962963	0.948586118	0.80890973	0.907356948	0.88372093	0.787878788	0.636363636	0.728540773
N:D63G	0	0	0	0	0	0.025735294	0	0	0	0.010550996	0.002724796	0.023255814	0	0	0.004291845
ORF1a:T1001I	0.831168831	0.40397351	0.980392157	0.621730382	0.860927152	0.856617647	0.890025575	0.962962963	0.946015424	0.810082063	0.91280654	0.88372093	0.757575758	0.636363636	0.786480687
M:I82T	0.012987013	0	0	0	0.006622517	0.051470588	0	0	0	0.018757327	0.002724796	0.023255814	0.03030303	0	0.006437768
N:S235F	0.831168831	0.427152318	0.431372549	0.533199195	0.860927152	0.860294118	0.884910486	0.703703704	0.922879177	0.786635404	0.888283379	0.875968992	0.787878788	0.636363636	0.768240343
S:F157-	0	0	0	0	0	0.025735294	0	0	0	0.011723329	0.002724796	0.023255814	0	0	0.006437768
M:V66L	0.012987013	0	0	0.002012072	0.01986755	0	0.002557545	0	0.002570694	0.010550996	0.027247956	0.139534884	0	0	0.032188841
N:D3L	0.831168831	0.413907285	0.431372549	0.535211268	0.860927152	0.867647059	0.887468031	0.740740741	0.925449871	0.78898007	0.89373297	0.88372093	0.787878788	0.636363636	0.770386266
ORF14:Q46*	0	0.105960265	0	0.036217304	0	0.003676471	0.002557545	0	0.005141388	0.011723329	0	0	0	0	0.017167382
ORF1b:A1392T	0	0	0	0	0.19205298	0	0	0	0.005141388	0.009378664	0.010899183	0.007751938	0	0	0.034334764
S:T95I	0	0.102649007	0.029411765	0.002012072	0	0.033088235	0.007672634	0.037037037	0.010282776	0.038686987	0.010899183	0.007751938	0	0	0.010729614
ORF8:F120-	0	0	0	0	0	0.025735294	0	0	0	0.010550996	0.002724796	0.023255814	0	0	0.006437768
ORF3a:Q38R	0	0.105960265	0	0.034205231	0	0.003676471	0.002557545	0	0.005141388	0.009378664	0	0	0	0	0.016094421
ORF1b:H1213Y	0.116883117	0.367549669	0	0.23943662	0.046357616	0.051470588	0.020460358	0	0.033419023	0.097303634	0.051771117	0.023255814	0.151515152	0.181818182	0.105150215
ORF1a:I2230T	0.831168831	0.410596026	0.980392157	0.621730382	0.860927152	0.863970588	0.887468031	0.962962963	0.946015424	0.80890973	0.91280654	0.88372093	0.727272727	0.636363636	0.780042918
S:P681H	0.831168831	0.413907285	0.980392157	0.631790744	0.801324503	0.871323529	0.890025575	1	0.951156812	0.815943728	0.918256131	0.860465116	0.757575758	0.636363636	0.783261803
ORF1a:G3676-	0.831168831	0.264900662	0.990196078	0.625754527	0.920529801	0.878676471	0.971867008	0.962962963	0.951156812	0.831184056	0.915531335	0.899224806	0.757575758	0.636363636	0.790772532
S:H69-	0.961038961	0.764900662	0.980392157	0.871227364	0.847682119	0.922794118	0.910485934	0.962962963	0.979434447	0.906213365	0.967302452	0.88372093	0.96969697	0.818181818	0.887339056
ORF3a:S26L	0	0	0	0	0	0.025735294	0	0	0	0.016412661	0.005449591	0.023255814	0	0	0.006437768
ORF1b:A1521S	0.116883117	0.350993377	0	0.233400402	0.046357616	0.051470588	0.020460358	0	0.028277635	0.097303634	0.051771117	0.023255814	0.151515152	0.181818182	0.105150215
N:R203K	0.844155844	0.476821192	0.431372549	0.559356137	0.880794702	0.893382353	0.890025575	0.777777778	0.928020566	0.826494725	0.910081744	0.945736434	0.848484848	0.636363636	0.793991416
N:R203M	0	0	0	0	0	0.025735294	0	0	0	0.014067995	0.005449591	0.023255814	0	0	0.005364807
N:D377Y	0	0	0	0	0	0.025735294	0	0	0	0.016412661	0.005449591	0.046511628	0	0	0.006437768
ORF1a:S528L	0.168831169	0	0	0	0	0	0	0.037037037	0.035989717	0.003516999	0	0.015503876	0	0	0.026824034
N:P199L	0	0.105960265	0	0.034205231	0	0.003676471	0.002557545	0	0.005141388	0.011723329	0	0	0	0	0.017167382
S:Y144-	0.844155844	0.430463576	0.980392157	0.623742455	0.80794702	0.871323529	0.890025575	0.962962963	0.951156812	0.814771395	0.910081744	0.852713178	0.757575758	0.636363636	0.776824034
N:G204P	0.74025974	0.390728477	0.421568627	0.52917505	0.80794702	0.783088235	0.84398977	0.703703704	0.889460154	0.764361079	0.858310627	0.868217054	0.787878788	0.545454545	0.724248927
ORF8:D119-	0	0	0	0	0	0.025735294	0	0	0	0.010550996	0.002724796	0.023255814	0	0	0.006437768
ORF8:K68*	0.753246753	0.397350993	0.931372549	0.61971831	0.80794702	0.783088235	0.833759591	0.777777778	0.915167095	0.751465416	0.874659401	0.852713178	0.787878788	0.636363636	0.745708155
ORF1a:S3675-	0.831168831	0.264900662	0.990196078	0.625754527	0.920529801	0.878676471	0.971867008	0.962962963	0.951156812	0.831184056	0.915531335	0.899224806	0.757575758	0.636363636	0.790772532
other	2.987012987	5.294701987	1.539215686	3.444668008	5.158940397	4.154411765	4.841432225	1.925925926	3.020565553	3.11957796	2.634877384	3.093023256	3.666666667	4.636363636	3.751072961