Region	Jihocesky_93	Jihomoravsky_377	Karlovarsky_87	Kralovehradecky_268	Liberecky_68	Moravskoslezsky_79	Olomoucky_97	Pardubicky_133	Plzensky_204	Praha_687	Stredocesky_165	Ustecky_132	Vysocina_143	Zlinsky_12	Unknown_24	pocet_0
ORF3a:H78Y	0.225806451613	0.222811671088	0.149425287356	0.294776119403	0.220588235294	0.341772151899	0.40206185567	0.293233082707	0.21568627451	0.190684133916	0.163636363636	0.325757575758	0.216783216783	0.25	0.333333333333	604
N:E31-	1.0	0.984084880637	0.862068965517	1.0	0.955882352941	0.962025316456	0.989690721649	0.992481203008	1.0	0.953420669578	0.951515151515	0.878787878788	0.944055944056	0.833333333333	1.0	2477
S:F486V	0.129032258065	0.493368700265	0.367816091954	0.358208955224	0.352941176471	0.253164556962	0.0515463917526	0.413533834586	0.583333333333	0.417758369723	0.509090909091	0.212121212121	0.447552447552	0.25	0.458333333333	1026
ORF9b:P10S	0.978494623656	1.0	0.873563218391	1.0	0.955882352941	0.962025316456	0.989690721649	0.992481203008	0.995098039216	0.949053857351	0.945454545455	0.848484848485	0.972027972028	0.916666666667	1.0	2478
ORF1a:F3677-	1.0	1.0	0.873563218391	0.996268656716	0.264705882353	0.924050632911	0.989690721649	0.977443609023	1.0	0.943231441048	0.945454545455	0.863636363636	0.972027972028	1.0	1.0	2427
S:N501Y	0.279569892473	0.933687002653	0.873563218391	0.996268656716	0.397058823529	0.873417721519	0.835051546392	0.962406015038	0.970588235294	0.69577874818	0.636363636364	0.742424242424	0.881118881119	1.0	0.875	2064
S:S375F	0.94623655914	0.923076923077	0.551724137931	0.503731343284	0.911764705882	0.949367088608	0.969072164948	0.533834586466	0.539215686275	0.918486171761	0.890909090909	0.825757575758	0.902097902098	0.833333333333	1.0	2081
S:P25-	1.0	0.997347480106	0.850574712644	0.988805970149	0.941176470588	0.936708860759	0.989690721649	0.977443609023	0.995098039216	0.950509461426	0.951515151515	0.878787878788	0.958041958042	1.0	1.0	2474
ORF6:D61L	0.47311827957	0.485411140584	0.505747126437	0.712686567164	0.588235294118	0.721518987342	0.721649484536	0.616541353383	0.436274509804	0.509461426492	0.478787878788	0.69696969697	0.48951048951	0.666666666667	0.583333333333	1413
S:T376A	0.978494623656	0.923076923077	0.551724137931	0.503731343284	0.911764705882	0.924050632911	0.969072164948	0.518796992481	0.539215686275	0.917030567686	0.890909090909	0.825757575758	0.902097902098	0.833333333333	1.0	2079
ORF1a:T842I	0.967741935484	0.992042440318	0.827586206897	0.996268656716	0.264705882353	0.924050632911	0.989690721649	0.977443609023	0.980392156863	0.836972343523	0.769696969697	0.787878787879	0.972027972028	1.0	0.958333333333	2300
S:G142D	1.0	0.997347480106	0.873563218391	1.0	0.955882352941	0.987341772152	0.989690721649	0.992481203008	1.0	0.954876273654	0.951515151515	0.878787878788	0.972027972028	1.0	1.0	2492
S:P26-	1.0	0.997347480106	0.850574712644	0.988805970149	0.941176470588	0.936708860759	0.989690721649	0.977443609023	0.995098039216	0.950509461426	0.951515151515	0.878787878788	0.958041958042	1.0	1.0	2474
ORF1a:P3395H	1.0	0.992042440318	0.873563218391	1.0	0.264705882353	0.962025316456	0.989690721649	0.992481203008	1.0	0.953420669578	0.939393939394	0.871212121212	0.972027972028	1.0	0.958333333333	2436
ORF9b:E27-	1.0	0.984084880637	0.862068965517	1.0	0.955882352941	0.962025316456	0.989690721649	0.992481203008	1.0	0.953420669578	0.951515151515	0.878787878788	0.944055944056	0.833333333333	1.0	2477
S:N969K	1.0	0.997347480106	0.873563218391	1.0	0.955882352941	0.962025316456	0.989690721649	0.992481203008	0.995098039216	0.954876273654	0.951515151515	0.878787878788	0.965034965035	1.0	1.0	2488
ORF1a:L3027F	0.989247311828	0.994694960212	0.827586206897	0.996268656716	0.176470588235	0.898734177215	0.989690721649	0.977443609023	1.0	0.940320232897	0.933333333333	0.863636363636	0.972027972028	1.0	0.916666666667	2406
S:E484A	0.311827956989	0.636604774536	0.620689655172	0.985074626866	0.955882352941	0.772151898734	0.752577319588	0.96992481203	0.735294117647	0.848617176128	0.878787878788	0.871212121212	0.678321678322	0.833333333333	0.916666666667	2037
ORF1a:T3255I	1.0	1.0	0.873563218391	1.0	0.264705882353	0.974683544304	0.989690721649	0.992481203008	1.0	0.953420669578	0.945454545455	0.871212121212	0.972027972028	0.916666666667	1.0	2441
S:T478K	0.311827956989	0.607427055703	0.620689655172	0.985074626866	0.955882352941	0.784810126582	0.907216494845	0.96992481203	0.71568627451	0.84133915575	0.866666666667	0.863636363636	0.664335664336	0.833333333333	0.916666666667	2028
S:L24S	1.0	0.997347480106	0.850574712644	0.988805970149	0.941176470588	0.936708860759	0.989690721649	0.977443609023	0.995098039216	0.950509461426	0.951515151515	0.878787878788	0.958041958042	1.0	1.0	2474
ORF1b:P314L	0.956989247312	1.0	0.873563218391	1.0	0.926470588235	0.987341772152	0.989690721649	0.992481203008	1.0	0.954876273654	0.951515151515	0.878787878788	0.972027972028	1.0	1.0	2487
ORF1a:V306I	0	0.0106100795756	0.0114942528736	0.0373134328358	0.102941176471	0	0.0103092783505	0.015037593985	0.00980392156863	0.0101892285298	0.00606060606061	0.0227272727273	0.00699300699301	0	0	39
ORF1b:T1050N	0.161290322581	0.0477453580902	0.0229885057471	0.0746268656716	0.0147058823529	0	0.0515463917526	0.105263157895	0.0637254901961	0.0582241630277	0.0545454545455	0.0151515151515	0.0629370629371	0.0833333333333	0.0833333333333	151
S:Q498R	0.279569892473	0.933687002653	0.873563218391	0.996268656716	0.397058823529	0.886075949367	0.835051546392	0.962406015038	0.975490196078	0.697234352256	0.624242424242	0.742424242424	0.881118881119	1.0	0.875	2065
S:D405N	1.0	0.986737400531	0.873563218391	0.996268656716	0.926470588235	0.924050632911	0.979381443299	0.977443609023	0.995098039216	0.953420669578	0.951515151515	0.878787878788	0.972027972028	1.0	1.0	2475
S:G339D	1.0	1.0	0.873563218391	0.996268656716	0.955882352941	0.962025316456	0.989690721649	0.992481203008	0.995098039216	0.954876273654	0.951515151515	0.878787878788	0.972027972028	1.0	1.0	2489
S:V70-	0.559139784946	0.549071618037	0.367816091954	0.369402985075	0.397058823529	0.341772151899	0.268041237113	0.436090225564	0.588235294118	0.489082969432	0.557575757576	0.219696969697	0.531468531469	0.25	0.458333333333	1195
S:D796Y	0.989247311828	1.0	0.873563218391	1.0	0.955882352941	0.962025316456	0.979381443299	0.984962406015	1.0	0.937409024745	0.921212121212	0.863636363636	0.965034965035	1.0	1.0	2468
S:D614G	1.0	1.0	0.873563218391	1.0	0.955882352941	0.987341772152	0.989690721649	0.992481203008	1.0	0.953420669578	0.951515151515	0.878787878788	0.972027972028	1.0	1.0	2492
ORF1a:L3201F	0.41935483871	0.440318302387	0.459770114943	0.619402985075	0.117647058824	0.632911392405	0.721649484536	0.541353383459	0.411764705882	0.470160116448	0.381818181818	0.636363636364	0.426573426573	0.75	0.5	1247
S:L452R	0.129032258065	0.358090185676	0.229885057471	0.358208955224	0.352941176471	0.253164556962	0.226804123711	0.406015037594	0.392156862745	0.410480349345	0.50303030303	0.212121212121	0.405594405594	0.166666666667	0.416666666667	926
ORF3a:T223I	1.0	1.0	0.873563218391	0.996268656716	0.955882352941	0.936708860759	0.989690721649	0.977443609023	0.96568627451	0.953420669578	0.945454545455	0.878787878788	0.972027972028	1.0	1.0	2477
N:S413R	0.978494623656	0.994694960212	0.850574712644	0.996268656716	0.926470588235	0.924050632911	0.989690721649	0.962406015038	0.946078431373	0.940320232897	0.939393939394	0.856060606061	0.951048951049	1.0	1.0	2446
S:Y505H	0.279569892473	0.933687002653	0.873563218391	0.996268656716	0.397058823529	0.886075949367	0.845360824742	0.962406015038	0.975490196078	0.704512372635	0.648484848485	0.734848484848	0.881118881119	1.0	0.875	2074
N:G204R	1.0	1.0	0.873563218391	0.996268656716	0.955882352941	0.962025316456	0.989690721649	0.977443609023	1.0	0.950509461426	0.951515151515	0.863636363636	0.972027972028	1.0	1.0	2483
S:K417N	0.741935483871	0.960212201592	0.873563218391	0.996268656716	0.926470588235	0.721518987342	0.907216494845	0.954887218045	0.970588235294	0.934497816594	0.939393939394	0.871212121212	0.965034965035	1.0	0.958333333333	2392
ORF1a:G1307S	0.989247311828	0.997347480106	0.827586206897	0.996268656716	0.264705882353	0.924050632911	0.989690721649	0.977443609023	1.0	0.940320232897	0.933333333333	0.863636363636	0.972027972028	1.0	0.958333333333	2416
N:V392L	0.0322580645161	0.0159151193634	0.0229885057471	0.00373134328358	0.0294117647059	0.0126582278481	0	0	0.137254901961	0.00582241630277	0.00606060606061	0	0	0	0	48
ORF1b:T2163I	0.903225806452	1.0	0.873563218391	0.996268656716	0.955882352941	0.936708860759	0.989690721649	0.977443609023	0.995098039216	0.953420669578	0.951515151515	0.878787878788	0.972027972028	1.0	1.0	2475
S:Q954H	1.0	0.997347480106	0.873563218391	1.0	0.955882352941	0.962025316456	0.989690721649	0.992481203008	1.0	0.951965065502	0.939393939394	0.878787878788	0.972027972028	1.0	1.0	2486
S:H69-	0.559139784946	0.549071618037	0.367816091954	0.369402985075	0.397058823529	0.341772151899	0.278350515464	0.436090225564	0.588235294118	0.489082969432	0.557575757576	0.219696969697	0.531468531469	0.25	0.458333333333	1196
ORF9b:A29-	1.0	0.984084880637	0.862068965517	1.0	0.955882352941	0.962025316456	0.989690721649	0.992481203008	1.0	0.953420669578	0.951515151515	0.878787878788	0.944055944056	0.833333333333	1.0	2477
S:T19I	1.0	0.994694960212	0.850574712644	0.988805970149	0.941176470588	0.936708860759	0.989690721649	0.977443609023	0.995098039216	0.950509461426	0.951515151515	0.878787878788	0.958041958042	1.0	1.0	2473
S:Q493R	0.182795698925	0.437665782493	0.505747126437	0.638059701493	0.602941176471	0.556962025316	0.587628865979	0.563909774436	0.401960784314	0.43231441048	0.369696969697	0.659090909091	0.440559440559	0.75	0.5	1225
S:P681H	1.0	0.994694960212	0.873563218391	1.0	0.955882352941	0.962025316456	0.989690721649	0.984962406015	0.995098039216	0.954876273654	0.951515151515	0.878787878788	0.972027972028	1.0	1.0	2487
S:A27-	1.0	0.997347480106	0.850574712644	0.988805970149	0.941176470588	0.936708860759	0.989690721649	0.977443609023	0.995098039216	0.950509461426	0.951515151515	0.878787878788	0.958041958042	1.0	1.0	2474
ORF1a:T3090I	0.956989247312	0.978779840849	0.827586206897	0.996268656716	0.161764705882	0.924050632911	0.989690721649	0.977443609023	0.985294117647	0.842794759825	0.775757575758	0.795454545455	0.965034965035	1.0	0.916666666667	2292
ORF9b:T60I	0.0322580645161	0.0212201591512	0.0229885057471	0.0223880597015	0.0294117647059	0.0126582278481	0	0	0.151960784314	0.00582241630277	0.00606060606061	0	0	0	0	58
N:P13L	0.978494623656	1.0	0.862068965517	1.0	0.955882352941	0.962025316456	0.989690721649	0.992481203008	1.0	0.951965065502	0.945454545455	0.856060606061	0.972027972028	0.916666666667	1.0	2481
S:R408S	0.591397849462	0.973474801061	0.873563218391	0.996268656716	0.926470588235	0.784810126582	0.989690721649	0.977443609023	0.990196078431	0.950509461426	0.951515151515	0.878787878788	0.972027972028	1.0	1.0	2419
N:R32-	1.0	0.984084880637	0.862068965517	1.0	0.955882352941	0.962025316456	0.989690721649	0.992481203008	1.0	0.953420669578	0.951515151515	0.878787878788	0.944055944056	0.833333333333	1.0	2477
S:V213G	0.989247311828	1.0	0.873563218391	0.996268656716	0.955882352941	0.936708860759	0.989690721649	0.977443609023	1.0	0.953420669578	0.951515151515	0.878787878788	0.972027972028	1.0	1.0	2484
E:T9I	1.0	0.992042440318	0.873563218391	1.0	0.955882352941	0.962025316456	0.989690721649	0.992481203008	1.0	0.953420669578	0.951515151515	0.878787878788	0.965034965035	1.0	1.0	2486
ORF9b:N28-	1.0	0.984084880637	0.862068965517	1.0	0.955882352941	0.962025316456	0.989690721649	0.992481203008	1.0	0.953420669578	0.951515151515	0.878787878788	0.944055944056	0.833333333333	1.0	2477
ORF1a:S135R	0.978494623656	0.989389920424	0.827586206897	0.992537313433	0.955882352941	0.924050632911	0.989690721649	0.977443609023	1.0	0.934497816594	0.921212121212	0.818181818182	0.972027972028	1.0	0.958333333333	2446
S:H655Y	1.0	1.0	0.873563218391	1.0	0.955882352941	0.962025316456	0.989690721649	0.992481203008	1.0	0.954876273654	0.951515151515	0.878787878788	0.972027972028	1.0	1.0	2491
N:S33-	1.0	0.978779840849	0.862068965517	1.0	0.955882352941	0.962025316456	0.989690721649	0.992481203008	0.985294117647	0.941775836972	0.945454545455	0.856060606061	0.923076923077	0.833333333333	1.0	2457
S:S371F	0.978494623656	0.923076923077	0.551724137931	0.503731343284	0.926470588235	0.924050632911	0.958762886598	0.526315789474	0.539215686275	0.917030567686	0.890909090909	0.833333333333	0.902097902098	0.833333333333	1.0	2081
M:A63T	1.0	0.992042440318	0.873563218391	1.0	0.955882352941	0.962025316456	0.989690721649	0.992481203008	0.995098039216	0.953420669578	0.945454545455	0.878787878788	0.972027972028	1.0	1.0	2485
M:Q19E	1.0	1.0	0.873563218391	1.0	0.941176470588	0.962025316456	0.989690721649	0.992481203008	1.0	0.954876273654	0.951515151515	0.878787878788	0.972027972028	1.0	1.0	2490
ORF1a:G3676-	1.0	1.0	0.873563218391	1.0	0.264705882353	0.962025316456	0.989690721649	0.992481203008	1.0	0.949053857351	0.945454545455	0.871212121212	0.972027972028	1.0	1.0	2438
N:R203K	1.0	1.0	0.873563218391	1.0	0.955882352941	0.962025316456	0.989690721649	0.992481203008	1.0	0.951965065502	0.951515151515	0.863636363636	0.972027972028	1.0	1.0	2487
M:D3N	0.516129032258	0.503978779841	0.35632183908	0.268656716418	0.338235294118	0.20253164557	0.247422680412	0.345864661654	0.544117647059	0.427947598253	0.460606060606	0.174242424242	0.475524475524	0.25	0.416666666667	1035
ORF9b:D16G	0.0967741935484	0.164456233422	0.149425287356	0.10447761194	0.0735294117647	0.0126582278481	0.0515463917526	0.135338345865	0.132352941176	0.163027656477	0.133333333333	0.0378787878788	0.174825174825	0.0833333333333	0.166666666667	337
S:N679K	1.0	0.994694960212	0.873563218391	1.0	0.955882352941	0.962025316456	0.979381443299	0.984962406015	0.995098039216	0.954876273654	0.951515151515	0.878787878788	0.972027972028	1.0	1.0	2486
ORF1b:I1566V	1.0	1.0	0.873563218391	1.0	0.955882352941	0.962025316456	0.989690721649	0.984962406015	0.995098039216	0.953420669578	0.945454545455	0.871212121212	0.972027972028	1.0	1.0	2486
S:N440K	0.322580645161	0.93899204244	0.873563218391	0.996268656716	0.941176470588	0.759493670886	0.948453608247	0.947368421053	0.955882352941	0.835516739447	0.842424242424	0.871212121212	0.951048951049	1.0	0.75	2258
ORF1a:K3839R	0.0322580645161	0.0212201591512	0.0229885057471	0.0186567164179	0	0.0126582278481	0	0	0.151960784314	0.00582241630277	0.0121212121212	0	0	0	0	56
ORF1a:S3675-	1.0	1.0	0.873563218391	1.0	0.264705882353	0.962025316456	0.989690721649	0.992481203008	1.0	0.949053857351	0.945454545455	0.871212121212	0.972027972028	1.0	1.0	2438
S:S373P	0.978494623656	0.923076923077	0.551724137931	0.503731343284	0.926470588235	0.949367088608	0.969072164948	0.533834586466	0.539215686275	0.918486171761	0.890909090909	0.833333333333	0.902097902098	0.833333333333	1.0	2086
S:N764K	1.0	0.994694960212	0.873563218391	1.0	0.926470588235	0.949367088608	0.989690721649	0.992481203008	0.995098039216	0.953420669578	0.951515151515	0.878787878788	0.958041958042	1.0	1.0	2482
S:S477N	0.311827956989	0.607427055703	0.620689655172	0.985074626866	0.955882352941	0.746835443038	0.907216494845	0.96992481203	0.71568627451	0.844250363901	0.866666666667	0.863636363636	0.664335664336	0.833333333333	0.875	2026
ORF1b:R1315C	1.0	1.0	0.873563218391	0.996268656716	0.955882352941	0.924050632911	0.989690721649	0.977443609023	1.0	0.953420669578	0.951515151515	0.871212121212	0.972027972028	1.0	1.0	2483
other	2.79569892473	2.68169761273	2.66666666667	2.88432835821	2.23529411765	3.98734177215	2.39175257732	3.5037593985	2.15196078431	2.77438136827	2.99393939394	2.28787878788	2.57342657343	2.66666666667	2.75	 
Count	93	377	87	268	68	79	97	133	204	687	165	132	143	12	24	