Lineage	tyden_2020_53	tyden_2021_01	tyden_2021_02	tyden_2021_03	tyden_2021_04	tyden_2021_05	tyden_2021_06	tyden_2021_07	tyden_2021_08	tyden_2021_09	tyden_2021_10	tyden_2021_11	tyden_2021_12	tyden_2021_13	tyden_2021_14	tyden_2021_15	tyden_2021_16	tyden_2021_17	tyden_2021_18	tyden_2021_19	tyden_2021_20	tyden_2021_21	tyden_2021_22	_unknown_	Vsechny tydny	Total
B.1.1.7	0	0.379	0.472	0.667	0.429	0.847	0.878	0.676	0.751	0.746	0.814	0.844	0.906	0.962	0.963	0.772	0.874	0.949	0.848	0.958	0.9	1	1	0.69	0.802	3587
B.1.258	0.7	0.358	0.361	0.2	0.371	0.107	0.0694	0.198	0.181	0.165	0.109	0.0855	0.0507	0.0275	0.0031	0.0945	0.0117	0	0.00606	0	0	0	0	0.124	0.105	470
B.1.221	0	0.0491	0	0.0333	0.0429	0.00977	0.0222	0.0514	0.0181	0.0268	0.0211	0.0112	0.0145	0	0.00929	0.00977	0	0	0	0	0	0	0	0.0265	0.0165	74
B.1.351	0	0	0	0	0	0	0	0.0158	0.00361	0.0268	0.0491	0.0335	0.0145	0.00549	0.00619	0	0.0702	0.00639	0	0	0.05	0	0	0	0.0147	66
B.1.160	0	0.0561	0.0556	0	0.0571	0.00326	0.00833	0.00791	0.00722	0	0	0	0	0	0	0.0163	0	0	0	0	0	0	0	0.0354	0.00872	39
B.1.1	0	0.014	0.0278	0	0.0429	0.013	0.00833	0	0.00361	0.00446	0	0	0	0	0.00619	0.00326	0.00585	0	0	0	0	0	0	0.0531	0.00626	28
B.1.617.2	0	0	0	0	0	0	0	0	0	0	0	0	0	0	0	0	0.0175	0.016	0.0727	0.0252	0	0	0	0	0.00581	26
B.1	0.1	0.0175	0	0.0333	0.0143	0.00326	0	0.00395	0.00361	0.00446	0	0.00372	0	0.00549	0	0.00651	0	0	0	0	0	0	0	0.0265	0.00447	20
B.1.1.153	0	0.0105	0	0	0	0	0.00278	0.0119	0.0108	0.0134	0	0	0	0	0	0	0	0	0	0	0	0	0	0	0.00291	13
B.1.1.277	0	0.0105	0.0278	0.0333	0	0.00326	0	0	0	0	0	0	0	0	0	0.0195	0	0	0	0	0	0	0	0	0.00291	13
B.1.177.8	0	0	0	0	0	0.00651	0	0.0158	0.00722	0	0	0	0	0	0	0.00651	0	0	0	0	0	0	0	0	0.00223	10
B.1.177	0	0.0175	0	0	0	0	0.00278	0	0.00361	0	0	0.00372	0	0	0	0	0	0	0	0	0	0	0	0.00885	0.00201	9
B.1.527	0	0.00351	0	0.0167	0.0143	0	0.00278	0.00395	0	0	0	0	0	0	0	0.00977	0	0	0	0	0	0	0	0.00885	0.00201	9
C.36.3	0	0	0	0	0	0	0	0	0	0	0	0	0	0	0	0	0	0.00958	0.0242	0.0168	0	0	0	0	0.00201	9
B.1.416.1	0.1	0.00702	0	0	0.0286	0	0.00278	0	0	0	0	0	0	0	0	0.00326	0	0	0	0	0	0	0	0.00885	0.00179	8
P.1	0	0	0	0	0	0	0	0	0	0	0	0	0	0	0	0	0.00292	0.00639	0.0303	0	0	0	0	0	0.00179	8
C.35	0	0.0175	0	0	0	0	0	0	0	0	0	0	0	0	0	0	0	0	0	0	0	0	0	0.00885	0.00134	6
B.1.1.219	0	0.014	0	0	0	0	0	0.00395	0	0	0	0	0	0	0	0	0	0	0	0	0	0	0	0	0.00112	5
B.1.1.317	0	0.00702	0	0	0	0	0	0	0	0.00446	0	0.00372	0.00725	0	0	0	0	0	0	0	0	0	0	0	0.00112	5
B.1.1.318	0	0	0	0	0	0	0	0	0	0	0	0	0	0	0.0031	0.013	0	0	0	0	0	0	0	0	0.00112	5
B.1.620	0	0	0	0	0	0	0	0	0	0	0	0	0.00725	0	0.0031	0.00651	0.00292	0	0	0	0	0	0	0	0.00112	5
B.1.1.170	0	0	0	0	0	0	0	0	0	0	0	0	0	0	0	0.013	0	0	0	0	0	0	0	0	0.000894	4
B.1.1.243	0	0	0.0278	0	0	0	0	0	0	0	0.00351	0.00372	0	0	0	0.00326	0	0	0	0	0	0	0	0	0.000894	4
B.1.617.1	0	0	0	0	0	0	0	0	0	0	0	0	0	0	0.0031	0.00326	0.00292	0	0.00606	0	0	0	0	0	0.000894	4
C.36	0	0.00351	0	0	0	0	0	0	0.00722	0	0	0	0	0	0	0	0.00292	0	0	0	0	0	0	0	0.000894	4
P.2	0	0	0	0	0	0	0.00278	0.00395	0	0	0	0.00743	0	0	0	0	0	0	0	0	0	0	0	0	0.000894	4
B.1.1.46	0	0	0	0	0	0	0	0	0	0	0	0	0	0	0	0	0	0.00958	0	0	0	0	0	0	0.00067	3
B.1.2	0	0.00702	0	0	0	0.00326	0	0	0	0	0	0	0	0	0	0	0	0	0	0	0	0	0	0	0.00067	3
B.1.258.14	0	0	0	0	0	0	0	0	0	0	0	0	0	0	0	0.00651	0.00292	0	0	0	0	0	0	0	0.00067	3
B.1.258.3	0	0	0	0	0	0	0	0.00395	0	0.00893	0	0	0	0	0	0	0	0	0	0	0	0	0	0	0.00067	3
A	0	0.00351	0	0	0	0	0	0	0	0	0	0	0	0	0	0.00326	0	0	0	0	0	0	0	0	0.000447	2
B.1.1.1	0	0	0	0	0	0	0	0	0	0	0	0	0	0	0	0.00326	0	0.00319	0	0	0	0	0	0	0.000447	2
B.1.1.397	0.1	0	0	0.0167	0	0	0	0	0	0	0	0	0	0	0	0	0	0	0	0	0	0	0	0	0.000447	2
B.1.258.12	0	0.00351	0	0	0	0	0	0	0	0	0	0	0	0	0	0.00326	0	0	0	0	0	0	0	0	0.000447	2
B.1.258.15	0	0.00702	0	0	0	0	0	0	0	0	0	0	0	0	0	0	0	0	0	0	0	0	0	0	0.000447	2
A.2.5	0	0	0	0	0	0	0	0	0	0	0	0	0	0	0	0	0	0	0.00606	0	0	0	0	0	0.000223	1
A.21	0	0	0	0	0	0	0	0.00395	0	0	0	0	0	0	0	0	0	0	0	0	0	0	0	0	0.000223	1
B.1.1.141	0	0	0	0	0	0	0	0	0	0	0	0	0	0	0	0	0.00292	0	0	0	0	0	0	0	0.000223	1
B.1.1.266	0	0	0	0	0	0	0	0	0	0	0.00351	0	0	0	0	0	0	0	0	0	0	0	0	0	0.000223	1
B.1.1.351	0	0	0	0	0	0	0	0	0	0	0	0	0	0	0	0	0	0	0.00606	0	0	0	0	0	0.000223	1
B.1.1.374	0	0.00351	0	0	0	0	0	0	0	0	0	0	0	0	0	0	0	0	0	0	0	0	0	0	0.000223	1
B.1.1.39	0	0	0	0	0	0	0	0	0	0	0	0.00372	0	0	0	0	0	0	0	0	0	0	0	0	0.000223	1
B.1.1.523	0	0	0	0	0	0	0	0	0	0	0	0	0	0	0	0	0	0	0	0	0.05	0	0	0	0.000223	1
B.1.153	0	0.00351	0	0	0	0	0	0	0	0	0	0	0	0	0	0	0	0	0	0	0	0	0	0	0.000223	1
B.1.177.35	0	0	0	0	0	0.00326	0	0	0	0	0	0	0	0	0	0	0	0	0	0	0	0	0	0	0.000223	1
B.1.177.77	0	0	0	0	0	0	0	0	0	0	0	0	0	0	0	0.00326	0	0	0	0	0	0	0	0	0.000223	1
B.1.177.86	0	0	0	0	0	0	0	0	0.00361	0	0	0	0	0	0	0	0	0	0	0	0	0	0	0	0.000223	1
B.1.213	0	0	0	0	0	0	0	0	0	0	0	0	0	0	0	0	0	0	0	0	0	0	0	0.00885	0.000223	1
B.1.396	0	0.00351	0	0	0	0	0	0	0	0	0	0	0	0	0	0	0	0	0	0	0	0	0	0	0.000223	1
B.1.411	0	0	0	0	0	0	0	0	0	0	0	0	0	0	0.0031	0	0	0	0	0	0	0	0	0	0.000223	1
B.1.533	0	0	0.0278	0	0	0	0	0	0	0	0	0	0	0	0	0	0	0	0	0	0	0	0	0	0.000223	1
B.1.623	0	0	0	0	0	0	0	0	0	0	0	0	0	0	0	0	0.00292	0	0	0	0	0	0	0	0.000223	1
C.16	0	0.00351	0	0	0	0	0	0	0	0	0	0	0	0	0	0	0	0	0	0	0	0	0	0	0.000223	1
Other	0	0	0	0	0	0	0	0	0	0	0	0	0	0	0	0	0	0	0	0	0	0	0	0	0	0
Count	10	285	36	60	70	307	360	253	277	224	285	269	138	182	323	307	342	313	165	119	20	14	3	113	4475	